"","Sample","PSMA1","PSMA2","PSMA3","PSMA4","PSMA5","PSMA7","PSMB1","PSMB2","PSMB3","PSMB4","PSMB5","PSMB6","PSMB7","PSMB8","PSMB9","PSMC1","PSMC2","PSMC3","PSMC4","PSMC5","PSMC6","PSMD1","PSMD2","PSMD3","PSMD4","PSMD5","PSMD6","PSMD7","PSMD8","PSMD9","PSMD10","PSMD11","PSMD12","PSMD13","PSMD14","PSME1","PSME3","histology","proteasome_mean"
"1","MED-0945",11.9953,11.0918,7.6639,10.9892,9.3559,11.3396,12.4751,7.7567,12.3218,12.8775,12.5763,11.706,8.9539,7.8838,7.3437,12.0195,10.3341,11.7318,10.9229,11.613,10.3748,10.194,11.0808,10.7982,12.4636,7.8651,8.314,9.9065,11.4707,9.0488,11.0622,10.5537,10.3494,10.1581,13.4207,10.5651,9.1518,"Medulloblastoma",10.5332243243243
"2","MED-186",11.3375,10.2222,6.5603,10.5672,8.6318,9.7645,11.4736,8.0872,11.2156,11.1944,11.2641,11.2397,8.8753,6.6964,6.3579,11.1921,10.1621,10.4051,9.5815,11.1312,9.9596,9.6982,10.392,10.0536,10.8152,7.7542,7.1617,10.2322,10.7109,8.0232,10.994,10.2255,10.1324,8.7229,10.6646,9.7083,9.5874,"Medulloblastoma",9.75123243243243
"3","MED-254",11.4523,9.8533,6.8635,10.6336,8.6284,10.3304,11.2363,7.9375,11.3385,10.81,11.3475,11.131,8.7679,6.7379,6.7481,11.3373,9.9103,10.6724,9.7806,11.6561,10.3465,10.0736,10.7362,10.7065,11.0071,7.5446,7.044,10.4372,10.4645,8.417,10.9001,10.9122,10.9409,8.915,11.2029,9.7789,9.8501,"Medulloblastoma",9.90405945945946
"4","MED-258",12.1246,10.3329,6.9938,11.5175,7.8372,10.8029,12.1055,8.0185,14.1187,11.2985,12.2606,10.7167,9.4427,9.1191,9.1732,11.7915,9.3358,10.8849,9.9995,11.1826,10.5089,10.357,10.6176,10.8809,10.7495,7.6033,6.777,10.7693,11.4199,8.1902,10.3015,9.8967,10.1272,9.5327,10.3215,10.7232,9.4732,"Medulloblastoma",10.1974675675676
"5","MED-262",10.9051,9.6954,6.4733,9.9636,8.2626,9.0914,10.9387,8.0892,11.1096,10.8605,10.9936,9.9117,8.6323,7.3011,6.7796,10.9523,9.7763,10.1187,9.1197,10.9905,10.157,9.8989,9.9349,10.6954,10.7034,7.6535,6.9039,10.2496,10.1675,8.3777,10.5638,10.5737,10.292,8.4965,10.4597,10.142,9.3437,"Medulloblastoma",9.5832
"6","MED-277",11.5466,10.8512,7.1707,10.5754,9.1583,10.3091,12.3146,7.3785,12.0008,11.913,12.3433,11.7588,9.7446,8.3523,7.855,11.7146,10.5645,10.4281,9.9859,11.443,10.8651,10.3877,11.0387,10.708,11.2305,7.7686,8.0713,10.5142,10.8647,8.7697,10.8517,10.7689,10.6835,9.6204,12.0149,10.9028,8.3315,"Medulloblastoma",10.2919054054054
"7","MED-288",11.5872,10.5131,6.6303,10.8276,8.044,9.664,11.8461,7.8668,10.9305,11.3732,11.814,11.2509,9.2342,8.5112,7.6017,11.2971,8.8674,10.337,9.8865,10.5524,10.0958,10.0794,10.8514,9.8775,10.4966,7.8124,7.3177,10.3009,11.2674,8.0724,10.1339,9.6978,9.2515,9.0262,10.6457,10.5785,8.9285,"Medulloblastoma",9.81267027027027
"8","MED-330",10.9889,10.187,6.846,9.9879,8.433,8.9217,10.9803,8.0809,10.4315,11.0516,11.1172,10.8203,8.4671,6.7964,6.3239,10.9583,9.8494,9.957,9.495,10.5031,10.0729,9.7812,9.6678,9.989,10.7213,7.6451,6.7151,10.3475,10.0117,8.2765,10.5208,10.111,9.928,8.3537,11.1032,9.9331,8.9673,"Medulloblastoma",9.52274864864865
"9","MED-437",11.0627,9.5901,6.9554,10.3382,8.5653,9.5137,11.2629,7.8062,11.0296,11.2223,10.7743,10.1528,8.966,7.1285,7.1928,10.9548,9.8911,9.6232,9.3018,11.09,10.6011,10.1222,10.3358,10.1482,10.7114,7.2979,7.3885,10.2901,10.288,8.1393,10.6751,10.3954,10.4656,8.734,11.4796,10.1279,9.3551,"Medulloblastoma",9.70207837837838
"10","MED-529",11.7409,10.7455,6.8759,11.3218,9.6323,11.0976,12.5561,7.7027,11.8024,12.8452,11.7615,11.2504,8.7067,10.1467,9.3399,11.8711,9.6347,11.0789,10.0954,12.0061,10.8631,10.3939,10.7532,10.5108,11.3105,7.9065,7.8594,10.4471,11.448,9.0834,11.1795,9.6214,10.2857,9.7087,11.7736,11.624,9.0452,"Medulloblastoma",10.4331297297297
"11","MED-565",11.6612,10.3194,7.2472,11.3232,8.5868,10.3454,11.7679,8.0055,11.1005,11.6508,11.0708,11.2661,9.2428,6.4651,6.3468,11.391,9.2444,10.3708,9.8708,10.8665,10.4212,10.209,10.6639,9.9658,10.9306,6.3102,7.9836,10.4245,10.6188,8.4783,10.8576,10.2524,10.2528,9.4186,10.1996,10.4597,9.322,"Medulloblastoma",9.86247567567568
"12","MED-613",11.6194,10.5949,7.4645,11.1117,8.7607,10.1411,11.0855,7.9389,11.2929,11.6281,12.3918,11.4116,9.0647,7.3164,7.2004,11.2082,9.4581,9.8717,10.1799,10.7938,10.6309,10.1668,10.973,9.7422,10.757,7.7849,7.4271,10.7845,10.5827,8.978,10.9603,9.9808,10.2208,9.4121,11.215,10.9689,9.1058,"Medulloblastoma",10.0060837837838
"13","MED-676",11.7063,10.5539,6.8505,10.8761,9.4088,10.5941,11.8644,7.8786,11.461,11.966,12.2167,11.3109,9.0994,6.8431,6.5978,11.4782,9.6218,11.09,9.9419,11.1629,11.2451,10.4301,10.9727,10.3674,11.2979,7.6069,8.3592,10.5645,10.9406,8.6281,11.0028,10.4172,10.4172,9.9248,13.1743,10.6408,8.464,"Medulloblastoma",10.1885405405405
"14","MED-719",11.8895,10.6397,7.1188,11.0387,9.2727,10.3065,12.2173,7.3989,11.3376,11.9473,11.391,11.0951,9.0809,8.0659,8.1142,11.1781,9.3734,10.0036,9.7271,10.5989,11.0507,9.2781,10.4229,10.3151,11.0281,6.8524,8.1736,10.3844,10.6146,8.721,10.4909,9.5951,10.1875,9.4376,10.9943,11.245,7.7585,"Medulloblastoma",9.95527027027027
"15","MED-791",11.7017,10.6271,7.3407,10.9466,9.851,10.9519,12.31,7.3403,12.1234,11.6383,11.5902,10.8347,8.9358,7.6218,7.2107,11.4349,9.8472,10.4642,10.8082,11.5912,11.2454,10.4722,10.812,10.7848,11.3494,7.8201,8.3454,10.5626,11.1518,9.0336,10.7858,10.6009,11.1754,9.6376,12.4941,10.5984,9.2198,"Medulloblastoma",10.3043027027027
"16","MED-797",10.7801,10.374,6.7834,11.0269,9.3953,10.6493,12.0157,7.7245,11.7693,11.9608,11.1683,11.1805,9.5507,8.015,8.1566,11.5137,9.6313,9.8921,9.9801,11.493,10.5829,10.7794,11.2372,10.9393,11.4739,7.7931,7.9027,10.6346,11.2009,8.4494,10.9607,10.8611,10.9768,8.556,12.4399,11.5248,9.9567,"Medulloblastoma",10.2521621621622
"17","MED-801",12.1024,10.9284,6.8822,11.3924,9.1092,10.9204,12.5358,7.9589,12.106,12.3987,11.8227,11.2789,9.6902,8.062,7.9636,11.7292,9.2794,11.7622,10.3582,11.2308,10.7524,10.3859,10.9051,10.6212,11.599,6.3248,7.7103,10.7126,11.4222,8.9374,10.7809,10.2873,10.572,10.0448,11.7409,10.8732,8.9155,"Medulloblastoma",10.3269486486486
"18","MED-801b",11.7207,10.7946,6.7018,11.4756,9.1228,10.7673,12.294,7.7813,11.6877,12.1158,11.4308,10.8413,9.5669,7.7873,7.9505,11.2378,8.9917,10.8375,9.8858,11.0205,10.9494,10.0068,10.5987,10.3668,11.1836,6.388,8.0067,10.5576,11.1783,8.6019,10.6646,10.181,10.5487,9.8472,11.5512,10.506,8.6356,"Medulloblastoma",10.1022648648649
"19","MED-877",12.1725,10.9294,7.4987,11.4539,9.1288,11.002,12.4355,7.6467,11.8906,12.2866,11.7343,11.989,8.5243,10.1968,10.8832,11.8216,9.1146,11.4765,10.5738,11.5152,11.3826,10.2725,11.0726,10.0406,11.4696,7.1489,7.8228,10.613,11.3857,8.7683,10.8248,9.8529,10.3022,9.9966,11.9909,11.5918,8.4548,"Medulloblastoma",10.4666108108108
"20","MED-898",11.3253,10.7298,6.7146,11.2965,9.3045,10.6289,12.3304,7.4475,11.5858,12.1914,11.7725,10.7973,8.7002,8.0481,8.3229,11.606,9.5525,10.5767,10.0347,11.2919,11.0419,9.8904,10.8732,10.2812,11.5725,6.7284,7.7327,10.384,11.0914,8.5151,10.6122,9.9698,10.2935,9.5938,11.522,11.2199,8.263,"Medulloblastoma",10.1038513513514
"21","MED-925",12.1887,10.8307,7.0082,11.3874,9.6698,10.9449,12.7134,7.6708,12.2955,12.7334,12.1493,11.0215,8.8401,9.1919,9.2068,11.6448,8.9554,11.8928,10.3063,11.7865,11.1046,10.3469,10.8927,10.8593,11.9942,7.5388,7.6274,10.1792,11.3089,8.8223,10.9628,10.8345,11.0313,10.5891,13.2444,11.4134,9.4972,"Medulloblastoma",10.5590594594595
"22","MED-B40",11.4406,10.1565,7.3191,11.2431,8.7203,10.0524,11.9812,7.5006,11.0337,11.861,11.2886,11.3754,9.3837,8.3911,9.453,11.5424,10.0417,9.6507,10.4204,11.5105,10.1615,10.2809,11.2594,9.9467,11.1947,7.1466,7.655,10.097,10.7433,8.7052,10.6109,10.1488,10.5168,9.6856,11.7335,10.7546,9.2224,"Medulloblastoma",10.1142945945946
"23","NORMAL-514-Cerebellum",11.1713,10.431,7.7541,10.4606,8.8725,9.2665,11.1969,7.7707,10.4866,11.3969,10.9538,11.0333,9.1639,7.5359,6.8261,11.1498,10.3337,10.0342,9.8491,11.4221,10.3238,10.3811,10.5305,10.043,10.5981,7.8608,7.4892,10.2916,10.5911,8.3369,10.4997,10.3349,10.3203,8.9149,11.0047,9.5913,9.0096,"Non-tumor",9.81704054054054
"24","NORMAL-514-Frontal",11.2106,9.9985,6.9021,10.4895,9.9717,9.1185,10.8219,8.0891,10.566,10.9788,10.7349,11.2638,8.5525,7.5765,6.888,11.1105,9.7917,9.6511,9.1773,10.8587,10.1455,10.4554,10.285,9.2876,10.6314,7.4274,7.0498,10.7035,10.3207,8.393,10.1081,9.8857,10.071,8.7479,11.0011,9.7754,8.9761,"Non-tumor",9.64908918918919
"25","NORMAL-514-Medulla",11.0272,10.2337,7.3885,11.0875,9.7162,9.8777,11.6438,7.36,11.1698,11.4207,11.2913,11.0108,9.1196,7.7281,8.9653,11.2167,10.4497,8.9577,9.7233,11.6844,10.4539,10.2715,10.4619,9.462,10.908,7.6562,7.6047,10.2521,9.8299,8.8257,10.4633,9.8339,10.1633,8.7537,11.7004,10.5884,8.8881,"Non-tumor",9.92402702702703
"26","NORMAL-514-Midbrain",10.8348,9.3456,7.0819,9.8086,9.4365,10.439,11.9421,7.7551,11.3446,12.1149,11.0752,11.4743,8.862,7.9633,8.2342,11.9376,9.3025,9.8519,9.2455,11.7774,8.845,10.5214,11.0219,10.071,10.9911,7.6414,6.7815,9.606,10.6813,8.3353,9.3496,9.8322,10.1776,9.4799,11.46,10.2423,9.0026,"Non-tumor",9.83424594594595
"27","NORMAL-514-Occipital",11.665,10.4787,7.0078,10.8025,10.2649,10.0321,11.3099,7.275,11.164,11.5792,11.1606,11.1113,8.4252,7.4871,7.4206,11.3965,9.8644,10.8355,9.4359,11.5118,11.1189,10.563,10.6664,10.1658,11.208,7.4712,7.7729,10.8169,10.9241,8.4613,10.7516,10.2135,10.595,9.7897,11.6735,10.2315,8.6261,"Non-tumor",10.0345243243243
"28","NORMAL-514-Parietal",11.7079,10.491,6.6507,11.0027,10.5599,10.346,11.4316,7.468,11.3428,11.6039,11.2718,11.2378,8.5995,7.5427,7.4842,11.5101,9.7254,10.9904,9.3994,11.4131,11.1277,10.5855,10.7775,10.085,11.1792,7.4613,7.6355,10.8477,11.0316,8.4676,10.6372,10.266,10.6852,9.7615,11.7954,10.3268,8.9459,"Non-tumor",10.0917702702703
"29","NORMAL-514-Temporal",11.8366,10.4246,7.2269,10.821,10.4294,10.2044,11.4931,7.0905,11.3429,11.5845,11.2737,11.1877,8.8837,7.4944,7.6984,11.5615,9.6817,10.9182,9.3551,11.4076,11.1564,10.5789,10.8189,10.0514,11.2976,7.438,7.8744,10.6939,11.1089,8.42,10.7109,10.332,10.5147,9.7952,11.7627,10.3476,8.789,"Non-tumor",10.0974702702703
"30","NORMAL-514-Thal",10.2743,9.6381,7.0988,9.8871,8.8466,8.42,10.5427,8.1764,9.6839,10.4475,10.3449,10.2012,8.4694,8.0438,7.5171,10.2991,9.9914,8.8045,8.6328,10.5763,9.8585,9.8032,10.2189,9.2813,10.1805,7.6774,7.16,9.8624,9.7072,8.3311,9.7858,9.5898,9.7589,8.2662,10.2733,9.9629,8.2688,"Non-tumor",9.29411081081081
"31","NORMAL-605-Cerebellum",11.5717,11.0497,8.0043,10.569,8.9011,10.2091,11.5783,8.1293,11.24,11.7285,11.1587,11.0663,8.8163,8.3804,8.3741,11.353,9.8738,10.7811,9.8297,11.4783,11.2903,10.2702,10.7411,10.0439,11.0076,7.6405,7.7327,10.6283,10.5745,8.3283,10.7169,9.7241,10.534,9.3444,11.4499,10.7679,8.5062,"Non-tumor",10.0917162162162
"32","NORMAL-605-Frontal",11.4616,10.2016,7.1294,10.0277,9.5598,9.8741,11.4108,7.4573,10.9943,11.328,11.4308,11.1135,8.6774,8.393,8.3288,11.4856,9.4518,10.576,9.6352,11.2294,10.4005,10.8068,10.6381,9.9233,10.9507,7.7076,7.5095,10.5331,10.9321,8.1236,10.5875,10.2524,10.3133,9.1445,11.4077,10.5007,9.3626,"Non-tumor",9.96919189189189
"33","NORMAL-605-Occipital",11.4558,10.3893,7.9773,10.5539,9.8636,10.2865,11.4859,7.609,11.2912,11.5359,11.2719,11.2064,8.8122,8.4651,8.8505,11.3425,9.4468,10.7611,9.4799,11.5257,10.9029,10.4708,10.6902,10.2238,11.1935,7.6028,7.7446,10.5423,10.7451,8.4568,10.3894,10.0051,10.3255,9.6888,11.7007,10.5063,8.5988,"Non-tumor",10.0918351351351
"34","NORMAL-605-Parietal",11.6591,10.4628,7.3732,10.6004,10.0041,10.3004,11.5465,7.4371,11.2689,11.5477,11.3515,11.2441,8.9634,8.3124,8.5072,11.461,9.55,10.8766,9.4901,11.5438,11.0907,10.607,10.6744,10.2257,11.2668,7.4205,7.7767,10.8119,10.9176,8.4557,10.5427,10.3505,10.4726,9.689,11.7704,10.5225,8.8265,"Non-tumor",10.1330135135135
"35","NORMAL-E3-Frontal",11.3608,9.8241,6.5571,10.1504,9.9698,9.5696,11.0896,7.4606,10.9318,11.2415,11.3714,11.0954,8.8037,7.7399,7.8892,11.3326,9.9256,10.646,9.2384,11.1386,10.0215,10.7156,10.6354,9.7027,10.6058,7.6543,7.2661,10.547,10.7944,8.3097,10.4144,10.419,10.0357,9.0307,11.4394,10.4685,9.3214,"Non-tumor",9.85723513513513
